date,temp,demand,holiday,throughput,throughput_lag_1,throughput_lag_7,throughput_roll_7_mean,demand_roll_7_mean,dow,month,y_target
2023-01-01,11.17,110.74,1,585.11,585.11,585.11,585.11,110.74,6,1,594.96
2023-01-02,10.07,121.54,0,594.96,585.11,585.11,590.0350000000001,116.14,0,1,601.48
2023-01-03,11.81,100.16,0,601.48,594.96,585.11,593.85,110.81333333333333,1,1,574.13
2023-01-04,13.73,96.47,0,574.13,601.48,585.11,588.9200000000001,107.22749999999999,2,1,569.15
2023-01-05,10.39,82.86,0,569.15,574.13,585.11,584.966,102.354,3,1,588.04
2023-01-06,10.56,85.64,0,588.04,569.15,585.11,585.4783333333334,99.56833333333333,4,1,567.8
2023-01-07,14.36,104.91,1,567.8,588.04,585.11,582.9528571428572,100.33142857142856,5,1,597.06
2023-01-08,12.91,123.96,1,597.06,567.8,585.11,584.66,102.22,6,1,604.08
2023-01-09,10.6,124.57,0,604.08,597.06,594.96,585.9628571428572,102.65285714285714,0,1,615.83
2023-01-10,12.8,99.47,0,615.83,604.08,601.48,588.0128571428571,102.55428571428571,1,1,581.76
2023-01-11,10.96,84.92,0,581.76,615.83,574.13,589.102857142857,100.90428571428572,2,1,547.69
2023-01-12,11.12,77.38,0,547.69,581.76,569.15,586.0371428571428,100.12142857142858,3,1,581.94
2023-01-13,12.7,84.49,0,581.94,547.69,588.04,585.1657142857142,99.95714285714287,4,1,554.28
2023-01-14,8.56,102.59,1,554.28,581.94,567.8,583.2342857142856,99.62571428571427,5,1,577.22
2023-01-15,9.1,112.01,1,577.22,554.28,597.06,580.4,97.91857142857144,6,1,583.37
2023-01-16,11.6,120.43,1,583.37,577.22,604.08,577.4414285714286,97.32714285714285,0,1,573.74
2023-01-17,10.86,104.9,0,573.74,583.37,615.83,571.4285714285714,98.10285714285715,1,1,593.56
2023-01-18,13.68,88.26,0,593.56,573.74,581.76,573.1142857142858,98.58,2,1,567.77
2023-01-19,11.4,73.47,0,567.77,593.56,547.69,575.9828571428571,98.02142857142857,3,1,565.06
2023-01-20,10.55,79.75,0,565.06,567.77,581.94,573.5714285714286,97.3442857142857,4,1,556.53
2023-01-21,16.47,93.24,1,556.53,565.06,554.28,573.8928571428571,96.00857142857144,5,1,577.61
2023-01-22,13.25,110.76,1,577.61,556.53,577.22,573.9485714285714,95.83,6,1,613.23
2023-01-23,13.99,124.77,0,613.23,577.61,583.37,578.2142857142857,96.45,0,1,587.17
2023-01-24,11.17,103.93,0,587.17,613.23,573.74,580.1328571428572,96.31142857142858,1,1,547.97
2023-01-25,13.08,104.48,0,547.97,587.17,593.56,573.62,98.62857142857145,2,1,574.25
2023-01-26,14.55,82.97,0,574.25,547.97,567.77,574.5457142857142,99.98571428571428,3,1,553.05
2023-01-27,12.18,85.29,0,553.05,574.25,565.06,572.83,100.77714285714286,4,1,561.49
2023-01-28,15.39,95.71,1,561.49,553.05,556.53,573.5385714285715,101.13,5,1,561.42
2023-01-29,13.59,119.14,1,561.42,561.49,577.61,571.2257142857143,102.32714285714285,6,1,579.62
2023-01-30,14.35,116.62,0,579.62,561.42,613.23,566.4242857142857,101.16285714285716,0,1,613.31
2023-01-31,13.88,109.29,0,613.31,579.62,587.17,570.1585714285715,101.92857142857143,1,1,588.39
2023-02-01,18.94,104.12,0,588.39,613.31,547.97,575.9328571428571,101.87714285714286,2,2,566.18
2023-02-02,15.35,80.02,0,566.18,588.39,574.25,574.78,101.4557142857143,3,2,586.48
2023-02-03,13.41,90.11,0,586.48,566.18,553.05,579.5557142857142,102.14428571428572,4,2,560.75
2023-02-04,17.31,96.48,1,560.75,586.48,561.49,579.4499999999999,102.25428571428573,5,2,611.09
2023-02-05,13.37,115.46,1,611.09,560.75,561.42,586.5457142857142,101.72857142857143,6,2,607.26
2023-02-06,16.36,128.35,0,607.26,611.09,579.62,590.4942857142858,103.40428571428572,0,2,596.5
2023-02-07,12.17,105.54,0,596.5,607.26,613.31,588.092857142857,102.86857142857141,1,2,602.17
2023-02-08,13.56,100.38,0,602.17,596.5,588.39,590.0614285714286,102.3342857142857,2,2,600.17
2023-02-09,16.75,84.04,0,600.17,602.17,566.18,594.9171428571428,102.90857142857143,3,2,563.64
2023-02-10,17.96,81.55,0,563.64,600.17,586.48,591.6542857142857,101.68571428571428,4,2,565.3
2023-02-11,16.96,103.16,1,565.3,563.64,560.75,592.3042857142857,102.63999999999999,5,2,604.35
2023-02-12,16.51,120.5,1,604.35,565.3,611.09,591.3414285714287,103.36,6,2,618.96
2023-02-13,16.27,122.61,0,618.96,604.35,607.26,593.0128571428571,102.53999999999999,0,2,604.41
2023-02-14,14.04,100.83,0,604.41,618.96,596.5,594.1428571428571,101.86714285714287,1,2,558.07
2023-02-15,15.68,87.69,0,558.07,604.41,602.17,587.842857142857,100.05428571428571,2,2,595.42
2023-02-16,16.32,79.26,0,595.42,558.07,600.17,587.1642857142857,99.37142857142855,3,2,566.15
2023-02-17,19.47,83.99,0,566.15,595.42,563.64,587.5228571428571,99.72,4,2,575.1
2023-02-18,18.16,103.1,1,575.1,566.15,565.3,588.9228571428572,99.71142857142857,5,2,578.7
2023-02-19,14.06,116.53,1,578.7,575.1,604.35,585.2585714285715,99.14428571428572,6,2,586.94
2023-02-20,18.34,112.82,0,586.94,578.7,618.96,580.6842857142857,97.74571428571429,0,2,576.49
2023-02-21,17.03,110.58,0,576.49,586.94,604.41,576.6957142857143,99.13857142857144,1,2,558.33
2023-02-22,16.56,94.38,0,558.33,576.49,558.07,576.7328571428571,100.09428571428573,2,2,578.77
2023-02-23,19.24,83.3,0,578.77,558.33,595.42,574.3542857142858,100.67142857142858,3,2,559.76
2023-02-24,20.18,89.77,0,559.76,578.77,566.15,573.4414285714286,101.49714285714286,4,2,557.12
2023-02-25,20.08,104.17,1,557.12,559.76,575.1,570.8728571428571,101.64999999999999,5,2,580.16
2023-02-26,16.63,117.93,1,580.16,557.12,578.7,571.0814285714285,101.85000000000001,6,2,565.41
2023-02-27,17.79,119.15,0,565.41,580.16,586.94,568.0057142857142,102.75428571428571,0,2,602.36
2023-02-28,19.16,100.37,0,602.36,565.41,576.49,571.7014285714286,101.2957142857143,1,2,549.71
2023-03-01,20.54,93.47,0,549.71,602.36,558.33,570.47,101.1657142857143,2,3,573.75
2023-03-02,17.72,81.54,0,573.75,549.71,578.77,569.7528571428571,100.91428571428571,3,3,578.83
2023-03-03,18.39,85.72,0,578.83,573.75,559.76,572.4771428571429,100.33571428571429,4,3,572.13
2023-03-04,16.63,93.62,1,572.13,578.83,557.12,574.6214285714285,98.82857142857144,5,3,576.69
2023-03-05,16.53,110.23,1,576.69,572.13,580.16,574.1257142857143,97.72857142857143,6,3,641.27
2023-03-06,20.62,124.76,0,641.27,576.69,565.41,584.9628571428572,98.53,0,3,601.81
2023-03-07,21.78,108.48,0,601.81,641.27,602.36,584.8842857142857,99.68857142857144,1,3,601.99
2023-03-08,19.0,94.73,0,601.99,601.81,549.71,592.3528571428571,99.86857142857143,2,3,565.19
2023-03-09,21.22,80.64,0,565.19,601.99,573.75,591.13,99.74000000000001,3,3,580.35
2023-03-10,20.0,84.51,0,580.35,565.19,578.83,591.3471428571429,99.56714285714285,4,3,596.94
2023-03-11,18.05,104.69,1,596.94,580.35,572.13,594.8914285714285,101.14857142857143,5,3,577.9
2023-03-12,20.12,113.06,1,577.9,596.94,576.69,595.0642857142857,101.55285714285715,6,3,611.11
2023-03-13,22.53,119.98,0,611.11,577.9,641.27,590.7557142857142,100.87,0,3,610.51
2023-03-14,19.44,106.37,0,610.51,611.11,601.81,591.9985714285714,100.56857142857143,1,3,572.53
2023-03-15,22.69,89.15,0,572.53,610.51,601.99,587.79,99.77142857142857,2,3,538.94
2023-03-16,14.37,78.96,0,538.94,572.53,565.19,584.04,99.53142857142858,3,3,583.89
2023-03-17,21.3,85.47,0,583.89,538.94,580.35,584.5457142857143,99.66857142857144,4,3,583.89
2023-03-18,19.87,97.61,1,583.89,583.89,596.94,582.6814285714286,98.65714285714284,5,3,567.89
2023-03-19,19.14,121.92,1,567.89,583.89,577.9,581.2514285714285,99.92285714285715,6,3,613.12
2023-03-20,19.96,115.03,0,613.12,567.89,611.11,581.5385714285713,99.21571428571428,0,3,605.35
2023-03-21,15.84,107.74,0,605.35,613.12,610.51,580.8014285714286,99.41142857142857,1,3,548.0
2023-03-22,19.41,89.12,0,548.0,605.35,572.53,577.2971428571428,99.40714285714286,2,3,567.55
2023-03-23,20.59,87.74,0,567.55,548.0,538.94,581.3842857142857,100.66142857142857,3,3,574.89
2023-03-24,22.86,85.35,0,574.89,567.55,583.89,580.0985714285714,100.64428571428572,4,3,572.01
2023-03-25,18.89,105.16,1,572.01,574.89,583.89,578.4014285714286,101.72285714285715,5,3,565.73
2023-03-26,18.33,108.21,1,565.73,572.01,567.89,578.0928571428572,99.7642857142857,6,3,595.35
2023-03-27,18.96,120.83,0,595.35,565.73,613.12,575.5542857142857,100.59285714285714,0,3,627.65
2023-03-28,21.8,113.13,0,627.65,595.35,605.35,578.74,101.36285714285714,1,3,583.29
2023-03-29,20.64,91.73,0,583.29,627.65,548.0,583.7814285714286,101.73571428571428,2,3,568.91
2023-03-30,18.93,85.83,0,568.91,583.29,567.55,583.9757142857143,101.46285714285715,3,3,576.54
2023-03-31,21.02,81.78,0,576.54,568.91,574.89,584.2114285714285,100.95285714285716,4,3,585.02
2023-04-01,20.19,107.05,1,585.02,576.54,572.01,586.0699999999999,101.22285714285714,5,4,594.69
2023-04-02,21.94,127.13,1,594.69,585.02,565.73,590.2071428571428,103.92571428571429,6,4,601.62
2023-04-03,18.59,117.68,0,601.62,594.69,595.35,591.1028571428571,103.47571428571429,0,4,586.35
2023-04-04,19.33,106.45,0,586.35,601.62,627.65,585.2028571428572,102.52142857142857,1,4,579.82
2023-04-05,19.19,98.59,0,579.82,586.35,583.29,584.7071428571428,103.50142857142858,2,4,571.57
2023-04-06,17.04,88.4,0,571.57,579.82,568.91,585.0871428571429,103.86857142857143,3,4,582.07
2023-04-07,20.54,81.75,0,582.07,571.57,576.54,585.8771428571429,103.86428571428571,4,4,554.96
2023-04-08,20.45,97.9,1,554.96,582.07,585.02,581.5828571428572,102.55714285714286,5,4,588.58
2023-04-09,19.92,114.23,1,588.58,554.96,594.69,580.71,100.71428571428571,6,4,622.48
2023-04-10,19.42,112.78,0,622.48,588.58,601.62,583.69,100.01428571428572,0,4,598.04
2023-04-11,17.03,104.08,0,598.04,622.48,586.35,585.36,99.67571428571429,1,4,574.38
2023-04-12,18.99,86.3,0,574.38,598.04,579.82,584.5828571428572,97.92,2,4,552.81
2023-04-13,19.11,76.66,0,552.81,574.38,571.57,581.9028571428572,96.24285714285715,3,4,601.51
2023-04-14,18.16,84.19,0,601.51,552.81,582.07,584.6800000000001,96.59142857142857,4,4,554.51
2023-04-15,19.4,101.17,1,554.51,601.51,554.96,584.6157142857143,97.05857142857144,5,4,603.12
2023-04-16,20.49,123.39,1,603.12,554.51,588.58,586.6928571428572,98.36714285714287,6,4,614.34
2023-04-17,23.41,114.51,0,614.34,603.12,622.48,585.53,98.61428571428571,0,4,598.76
2023-04-18,19.94,113.6,0,598.76,614.34,598.04,585.6328571428572,99.97428571428573,1,4,579.76
2023-04-19,20.05,90.25,0,579.76,598.76,574.38,586.4014285714285,100.53857142857143,2,4,547.83
2023-04-20,19.33,80.25,0,547.83,579.76,552.81,585.6899999999999,101.05142857142857,3,4,584.44
2023-04-21,15.59,87.74,0,584.44,547.83,601.51,583.2514285714285,101.55857142857144,4,4,575.99
2023-04-22,19.32,94.39,1,575.99,584.44,554.51,586.3199999999999,100.59,5,4,568.95
2023-04-23,19.43,117.55,1,568.95,575.99,603.12,581.4385714285714,99.75571428571428,6,4,607.56
2023-04-24,24.17,120.33,0,607.56,568.95,614.34,580.47,100.58714285714287,0,4,600.44
2023-04-25,18.79,111.14,0,600.44,607.56,598.76,580.7099999999999,100.23571428571428,1,4,594.41
2023-04-26,19.71,92.77,0,594.41,600.44,579.76,582.8028571428571,100.59571428571428,2,4,585.35
2023-04-27,18.96,92.78,0,585.35,594.41,547.83,588.1628571428572,102.38571428571427,3,4,550.46
2023-04-28,16.62,81.17,0,550.46,585.35,584.44,583.3085714285714,101.44714285714285,4,4,562.13
2023-04-29,21.17,97.35,1,562.13,550.46,575.99,581.3285714285714,101.86999999999999,5,4,585.17
2023-04-30,20.3,112.52,1,585.17,562.13,568.95,583.6457142857142,101.15142857142857,6,4,617.79
2023-05-01,20.3,116.72,0,617.79,585.17,607.56,585.1071428571429,100.63571428571427,0,5,585.19
2023-05-02,16.81,105.49,0,585.19,617.79,600.44,582.9285714285714,99.82857142857142,1,5,622.97
2023-05-03,21.35,97.27,0,622.97,585.19,594.41,587.0085714285715,100.47142857142856,2,5,551.18
2023-05-04,15.65,87.6,0,551.18,622.97,585.35,582.1271428571429,99.73142857142857,3,5,568.22
2023-05-05,19.53,81.51,0,568.22,551.18,550.46,584.6642857142857,99.77999999999999,4,5,568.46
2023-05-06,22.64,95.84,1,568.46,568.22,562.13,585.5685714285713,99.56428571428572,5,5,581.2
2023-05-07,16.18,117.99,1,581.2,568.46,585.17,585.0014285714286,100.3457142857143,6,5,585.11
2023-05-08,16.93,116.74,0,585.11,581.2,617.79,580.3328571428572,100.34857142857143,0,5,607.03
2023-05-09,18.16,111.84,0,607.03,585.11,585.19,583.4528571428572,101.25571428571428,1,5,589.63
2023-05-10,16.85,92.34,0,589.63,607.03,622.97,578.6899999999999,100.55142857142857,2,5,568.16
2023-05-11,14.65,72.92,0,568.16,589.63,551.18,581.1157142857143,98.45428571428572,3,5,589.34
2023-05-12,17.78,92.1,0,589.34,568.16,568.22,584.1328571428572,99.96714285714286,4,5,570.34
2023-05-13,15.4,108.98,1,570.34,589.34,568.46,584.4014285714286,101.8442857142857,5,5,556.8
2023-05-14,18.36,112.57,1,556.8,570.34,581.2,580.9157142857142,101.07000000000001,6,5,592.86
2023-05-15,15.46,117.56,0,592.86,556.8,585.11,582.0228571428571,101.18714285714285,0,5,602.43
2023-05-16,20.28,110.11,0,602.43,592.86,607.03,581.3657142857143,100.94000000000001,1,5,586.44
2023-05-17,15.49,92.99,0,586.44,602.43,589.63,580.91,101.03285714285714,2,5,577.68
2023-05-18,16.29,83.79,0,577.68,586.44,568.16,582.2700000000001,102.58571428571427,3,5,594.87
2023-05-19,18.43,94.41,0,594.87,577.68,589.34,583.0600000000001,102.9157142857143,4,5,559.59
2023-05-20,14.22,99.12,1,559.59,594.87,570.34,581.5242857142857,101.50714285714285,5,5,580.14
2023-05-21,17.01,111.65,1,580.14,559.59,556.8,584.8585714285715,101.37571428571428,6,5,610.11
2023-05-22,19.03,112.6,0,610.11,580.14,592.86,587.3228571428572,100.66714285714286,0,5,591.23
2023-05-23,13.07,105.02,0,591.23,610.11,602.43,585.7228571428572,99.94000000000001,1,5,564.5
2023-05-24,16.52,91.16,0,564.5,591.23,586.44,582.5885714285714,99.67857142857143,2,5,567.4
2023-05-25,16.54,89.47,0,567.4,564.5,577.68,581.12,100.49000000000001,3,5,588.59
2023-05-26,17.44,81.78,0,588.59,567.4,594.87,580.2228571428572,98.68571428571428,4,5,590.41
2023-05-27,13.26,101.12,1,590.41,588.59,559.59,584.6257142857143,98.97142857142858,5,5,598.56
2023-05-28,12.95,115.55,1,598.56,590.41,580.14,587.2571428571429,99.52857142857142,6,5,614.11
2023-05-29,16.5,125.44,0,614.11,598.56,610.11,587.8285714285714,101.36285714285714,0,5,588.99
2023-05-30,15.9,121.31,0,588.99,614.11,591.23,587.5085714285714,103.68999999999998,1,5,580.72
2023-05-31,15.66,88.67,0,580.72,588.99,564.5,589.8257142857143,103.33428571428571,2,5,595.8
2023-06-01,15.71,78.05,0,595.8,580.72,567.4,593.8828571428572,101.70285714285714,3,6,589.78
2023-06-02,13.5,89.58,0,589.78,595.8,588.59,594.0528571428571,102.81714285714285,4,6,569.3
2023-06-03,15.18,103.41,1,569.3,589.78,590.41,591.0371428571428,103.14428571428572,5,6,599.01
2023-06-04,15.15,124.87,1,599.01,569.3,598.56,591.1014285714285,104.47571428571429,6,6,587.51
2023-06-05,12.98,122.42,0,587.51,599.01,614.11,587.3014285714286,104.0442857142857,0,6,586.2
2023-06-06,17.98,106.88,0,586.2,587.51,588.99,586.9028571428571,101.98285714285714,1,6,568.83
2023-06-07,15.04,94.28,0,568.83,586.2,580.72,585.2042857142858,102.78428571428572,2,6,583.82
2023-06-08,11.55,86.04,0,583.82,568.83,595.8,583.4928571428571,103.92571428571429,3,6,591.21
2023-06-09,15.09,88.47,0,591.21,583.82,589.78,583.6971428571429,103.76714285714286,4,6,567.75
2023-06-10,11.67,102.54,1,567.75,591.21,569.3,583.4757142857143,103.64285714285714,5,6,573.4
2023-06-11,15.03,120.97,1,573.4,567.75,599.01,579.8171428571429,103.08571428571429,6,6,610.0
2023-06-12,15.61,125.35,0,610.0,573.4,587.51,583.03,103.50428571428571,0,6,593.15
2023-06-13,11.49,115.59,0,593.15,610.0,586.2,584.0228571428571,104.74857142857142,1,6,573.4
2023-06-14,14.89,94.57,0,573.4,593.15,568.83,584.6757142857143,104.79,2,6,577.89
2023-06-15,13.63,79.67,0,577.89,573.4,583.82,583.8285714285714,103.88,3,6,566.12
2023-06-16,14.28,85.1,0,566.12,577.89,591.21,580.2442857142858,103.39857142857143,4,6,551.75
2023-06-17,16.26,106.03,1,551.75,566.12,567.75,577.9585714285714,103.89714285714285,5,6,557.29
2023-06-18,11.81,111.55,1,557.29,551.75,573.4,575.6571428571428,102.55142857142856,6,6,580.65
2023-06-19,10.63,121.34,0,580.65,557.29,610.0,571.4642857142857,101.97857142857143,0,6,596.5
2023-06-20,10.19,106.71,0,596.5,580.65,593.15,571.9428571428572,100.71000000000001,1,6,582.85
2023-06-21,10.17,91.47,0,582.85,596.5,573.4,573.2928571428572,100.26714285714286,2,6,579.12
2023-06-22,11.47,86.89,0,579.12,582.85,577.89,573.4685714285714,101.29857142857144,3,6,585.51
2023-06-23,12.14,85.32,0,585.51,579.12,566.12,576.2385714285714,101.33,4,6,586.37
2023-06-24,11.84,100.23,1,586.37,585.51,551.75,581.1842857142857,100.50142857142858,5,6,566.97
2023-06-25,12.77,108.84,1,566.97,586.37,557.29,582.5671428571428,100.11428571428573,6,6,612.58
2023-06-26,10.97,123.23,0,612.58,566.97,580.65,587.1285714285714,100.38428571428572,0,6,575.09
2023-06-27,13.68,111.91,0,575.09,612.58,596.5,584.0699999999999,101.12714285714286,1,6,609.87
2023-06-28,10.07,102.14,0,609.87,575.09,582.85,587.9300000000001,102.65142857142857,2,6,554.88
2023-06-29,15.87,78.96,0,554.88,609.87,579.12,584.4671428571429,101.51857142857143,3,6,565.94
2023-06-30,11.51,85.46,0,565.94,554.88,585.51,581.6714285714286,101.53857142857143,4,6,558.7
2023-07-01,8.37,101.25,1,558.7,565.94,586.37,577.7185714285714,101.6842857142857,5,7,562.3
2023-07-02,7.77,123.52,1,562.3,558.7,566.97,577.0514285714286,103.78142857142858,6,7,603.57
2023-07-03,10.71,119.02,0,603.57,562.3,612.58,575.7642857142857,103.17999999999999,0,7,598.35
2023-07-04,9.12,110.07,0,598.35,603.57,575.09,579.0871428571429,102.91714285714285,1,7,580.6
2023-07-05,10.83,94.36,0,580.6,598.35,609.87,574.9057142857143,101.80571428571429,2,7,549.68
2023-07-06,10.17,81.43,0,549.68,580.6,554.88,574.1628571428572,102.15857142857142,3,7,602.47
2023-07-07,8.91,82.13,0,602.47,549.68,565.94,579.3814285714286,101.68285714285715,4,7,575.19
2023-07-08,7.19,100.97,1,575.19,602.47,558.7,581.7371428571429,101.64285714285714,5,7,621.75
2023-07-09,5.68,121.0,1,621.75,575.19,562.3,590.2300000000001,101.28285714285714,6,7,585.84
2023-07-10,7.65,114.37,0,585.84,621.75,603.57,587.6971428571429,100.61857142857141,0,7,609.5
2023-07-11,10.08,109.34,0,609.5,585.84,598.35,589.2900000000001,100.51428571428572,1,7,588.89
2023-07-12,8.63,87.82,0,588.89,609.5,580.6,590.4742857142857,99.58,2,7,570.24
2023-07-13,5.54,86.48,0,570.24,588.89,549.68,593.4114285714286,100.30142857142856,3,7,569.33
2023-07-14,8.21,76.75,1,569.33,570.24,602.47,588.6771428571428,99.53285714285714,4,7,558.59
2023-07-15,8.47,97.21,1,558.59,569.33,575.19,586.3057142857143,98.99571428571429,5,7,574.17
2023-07-16,5.76,117.52,1,574.17,558.59,621.75,579.5085714285715,98.49857142857142,6,7,556.32
2023-07-17,7.67,127.33,0,556.32,574.17,585.84,575.2914285714286,100.35000000000001,0,7,599.18
2023-07-18,7.31,108.35,0,599.18,556.32,609.5,573.8171428571429,100.20857142857143,1,7,556.05
2023-07-19,4.75,88.55,0,556.05,599.18,588.89,569.1257142857143,100.31285714285715,2,7,570.2
2023-07-20,4.75,89.91,0,570.2,556.05,570.24,569.12,100.80285714285715,3,7,552.97
2023-07-21,7.83,77.12,0,552.97,570.2,569.33,566.7828571428571,100.85571428571428,4,7,552.83
2023-07-22,8.71,89.01,1,552.83,552.97,558.59,565.9599999999999,99.6842857142857,5,7,587.95
2023-07-23,8.49,117.84,1,587.95,552.83,574.17,567.9285714285714,99.73,6,7,598.29
2023-07-24,3.47,116.99,0,598.29,587.95,556.32,573.9242857142857,98.25285714285714,0,7,598.4
2023-07-25,4.19,103.57,0,598.4,598.29,599.18,573.8128571428571,97.57000000000001,1,7,601.17
2023-07-26,6.94,94.86,0,601.17,598.4,556.05,580.2585714285714,98.47142857142856,2,7,566.07
2023-07-27,6.78,81.72,0,566.07,601.17,570.2,579.6685714285715,97.30142857142857,3,7,564.22
2023-07-28,6.62,81.54,0,564.22,566.07,552.97,581.2757142857143,97.93285714285715,4,7,578.68
2023-07-29,13.15,93.6,1,578.68,564.22,552.83,584.9685714285714,98.58857142857143,5,7,597.65
2023-07-30,6.43,120.0,1,597.65,578.68,587.95,586.3542857142857,98.89714285714285,6,7,615.9
2023-07-31,7.41,122.75,0,615.9,597.65,598.29,588.87,99.72,0,7,578.61
2023-08-01,6.9,108.18,0,578.61,615.9,598.4,586.0428571428572,100.37857142857145,1,8,592.77
2023-08-02,6.14,100.56,0,592.77,578.61,601.17,584.8428571428572,101.19285714285715,2,8,566.73
2023-08-03,4.06,75.15,0,566.73,592.77,566.07,584.9371428571428,100.25428571428571,3,8,583.15
2023-08-04,6.07,76.74,0,583.15,566.73,564.22,587.6414285714285,99.56857142857143,4,8,553.03
2023-08-05,2.86,96.54,1,553.03,583.15,578.68,583.9771428571428,99.98857142857143,5,8,552.19
2023-08-06,3.79,115.41,1,552.19,553.03,597.65,577.4828571428571,99.33285714285715,6,8,611.49
2023-08-07,3.15,120.72,0,611.49,552.19,615.9,576.8528571428571,99.04285714285716,0,8,552.68
2023-08-08,4.15,107.47,0,552.68,611.49,578.61,573.1485714285715,98.94142857142856,1,8,570.75
2023-08-09,8.48,93.08,0,570.75,552.68,592.77,570.0028571428571,97.87285714285714,2,8,547.06
2023-08-10,-0.02,74.24,0,547.06,570.75,566.73,567.1928571428572,97.74285714285715,3,8,563.33
2023-08-11,4.95,91.58,0,563.33,547.06,583.15,564.3614285714285,99.86285714285714,4,8,551.6
2023-08-12,0.22,99.59,1,551.6,563.33,553.03,564.157142857143,100.29857142857142,5,8,599.5
2023-08-13,2.38,121.22,1,599.5,551.6,552.19,570.9157142857142,101.12857142857142,6,8,615.05
2023-08-14,5.37,121.21,0,615.05,599.5,611.49,571.4242857142857,101.19857142857143,0,8,589.69
2023-08-15,3.2,110.96,0,589.69,615.05,552.68,576.7114285714285,101.69714285714285,1,8,595.85
2023-08-16,0.79,94.17,0,595.85,589.69,570.75,580.2971428571428,101.85285714285715,2,8,554.08
2023-08-17,1.39,82.74,0,554.08,595.85,547.06,581.3000000000001,103.06714285714285,3,8,557.26
2023-08-18,4.06,87.58,0,557.26,554.08,563.33,580.4328571428572,102.49571428571429,4,8,581.98
2023-08-19,1.13,106.65,1,581.98,557.26,551.6,584.7728571428572,103.50428571428571,5,8,586.61
2023-08-20,2.91,116.62,1,586.61,581.98,599.5,582.9314285714286,102.84714285714286,6,8,595.94
2023-08-21,2.45,123.04,0,595.94,586.61,615.05,580.2014285714287,103.10857142857142,0,8,573.22
2023-08-22,0.95,108.23,0,573.22,595.94,589.69,577.8485714285714,102.71857142857144,1,8,607.14
2023-08-23,6.43,98.52,0,607.14,573.22,595.85,579.4614285714287,103.34,2,8,540.77
2023-08-24,3.31,77.12,0,540.77,607.14,554.08,577.5600000000001,102.53714285714287,3,8,567.89
2023-08-25,-2.12,93.37,0,567.89,540.77,557.26,579.0785714285714,103.36428571428573,4,8,567.62
2023-08-26,2.21,99.8,1,567.62,567.89,581.98,577.0271428571428,102.38571428571429,5,8,597.29
2023-08-27,0.41,108.48,1,597.29,567.62,586.61,578.5528571428571,101.22285714285715,6,8,606.8
2023-08-28,3.35,120.14,0,606.8,597.29,595.94,580.1042857142857,100.80857142857143,0,8,594.69
2023-08-29,-0.04,105.27,0,594.69,606.8,573.22,583.1714285714286,100.38571428571427,1,8,571.79
2023-08-30,1.23,95.53,0,571.79,594.69,607.14,578.1214285714285,99.95857142857143,2,8,574.82
2023-08-31,2.38,77.24,0,574.82,571.79,540.77,582.9857142857143,99.97571428571428,3,8,572.12
2023-09-01,3.01,82.13,0,572.12,574.82,567.89,583.59,98.36999999999999,4,9,531.36
2023-09-02,-1.2,90.55,1,531.36,572.12,567.62,578.41,97.04857142857144,5,9,586.18
2023-09-03,0.45,113.38,1,586.18,531.36,597.29,576.8228571428572,97.74857142857142,6,9,603.87
2023-09-04,0.09,107.38,0,603.87,586.18,606.8,576.4042857142857,95.92571428571429,0,9,595.87
2023-09-05,-0.34,100.76,0,595.87,603.87,594.69,576.5728571428572,95.28142857142858,1,9,582.21
2023-09-06,4.42,95.12,0,582.21,595.87,571.79,578.0614285714286,95.22285714285715,2,9,557.43
2023-09-07,1.63,84.43,0,557.43,582.21,574.82,575.5771428571428,96.25,3,9,537.1
2023-09-08,-1.76,86.49,0,537.1,557.43,572.12,570.5742857142858,96.87285714285714,4,9,563.19
2023-09-09,2.53,95.17,1,563.19,537.1,531.36,575.1214285714286,97.53285714285714,5,9,594.44
2023-09-10,4.88,115.4,1,594.44,563.19,586.18,576.3014285714286,97.82142857142857,6,9,615.3
2023-09-11,2.64,119.48,0,615.3,594.44,603.87,577.9342857142857,99.55,0,9,596.77
2023-09-12,-2.52,102.89,0,596.77,615.3,595.87,578.0628571428572,99.85428571428572,1,9,581.2
2023-09-13,-0.51,98.84,0,581.2,596.77,582.21,577.9185714285715,100.38571428571429,2,9,589.2
2023-09-14,2.95,84.89,0,589.2,581.2,557.43,582.4571428571429,100.45142857142858,3,9,583.46
2023-09-15,-1.05,83.26,0,583.46,589.2,537.1,589.08,99.99000000000001,4,9,557.91
2023-09-16,1.21,100.13,1,557.91,583.46,563.19,588.3257142857143,100.69857142857143,5,9,587.95
2023-09-17,1.83,116.68,1,587.95,557.91,594.44,587.3985714285715,100.88142857142857,6,9,582.15
2023-09-18,-1.61,109.29,0,582.15,587.95,615.3,582.6628571428572,99.42571428571429,0,9,597.67
2023-09-19,0.08,107.44,0,597.67,582.15,596.77,582.7914285714286,100.07571428571428,1,9,551.28
2023-09-20,-6.31,87.91,0,551.28,597.67,581.2,578.5171428571429,98.5142857142857,2,9,544.71
2023-09-21,-1.91,75.49,0,544.71,551.28,589.2,572.1614285714286,97.17142857142856,3,9,585.66
2023-09-22,-0.39,82.96,0,585.66,544.71,583.46,572.4757142857143,97.12857142857142,4,9,583.68
2023-09-23,-2.41,108.99,1,583.68,585.66,557.91,576.1571428571428,98.39428571428572,5,9,589.89
2023-09-24,3.33,118.84,1,589.89,583.68,587.95,576.4342857142857,98.70285714285716,6,9,596.89
2023-09-25,-2.81,116.64,0,596.89,589.89,582.15,578.5400000000001,99.75285714285714,0,9,556.61
2023-09-26,-0.85,111.54,0,556.61,596.89,597.67,572.6742857142857,100.33857142857143,1,9,581.36
2023-09-27,0.28,98.32,0,581.36,556.61,551.28,576.9714285714285,101.8257142857143,2,9,580.06
2023-09-28,2.89,85.12,0,580.06,581.36,544.71,582.0214285714285,103.20142857142858,3,9,561.99
2023-09-29,-2.87,84.66,0,561.99,580.06,585.66,578.64,103.44428571428571,4,9,551.61
2023-09-30,2.33,96.77,1,551.61,561.99,583.68,574.0585714285714,101.69857142857143,5,9,600.72
2023-10-01,0.02,119.13,1,600.72,551.61,589.89,575.6057142857143,101.74,6,10,599.04
2023-10-02,-1.96,121.47,0,599.04,600.72,596.89,575.9128571428571,102.42999999999999,0,10,601.58
2023-10-03,0.93,113.15,0,601.58,599.04,556.61,582.3371428571428,102.66,1,10,591.2
2023-10-04,0.41,94.5,0,591.2,601.58,581.36,583.7428571428571,102.11428571428571,2,10,556.79
2023-10-05,-1.17,85.75,0,556.79,591.2,580.06,580.4185714285715,102.2042857142857,3,10,572.15
2023-10-06,0.18,81.69,0,572.15,556.79,561.99,581.87,101.78,4,10,588.53
2023-10-07,-0.71,106.59,1,588.53,572.15,551.61,587.1442857142857,103.18285714285715,5,10,604.58
2023-10-08,0.3,116.62,1,604.58,588.53,600.72,587.6957142857143,102.82428571428571,6,10,609.06
2023-10-09,1.42,129.87,0,609.06,604.58,599.04,589.1271428571429,104.02428571428571,0,10,586.13
2023-10-10,3.3,105.23,0,586.13,609.06,601.58,586.9200000000001,102.89285714285714,1,10,586.75
2023-10-11,-2.32,100.0,0,586.75,586.13,591.2,586.2842857142857,103.67857142857143,2,10,574.96
2023-10-12,4.45,81.49,0,574.96,586.75,556.79,588.88,103.07000000000001,3,10,587.75
2023-10-13,-3.68,81.11,0,587.75,574.96,572.15,591.1085714285715,102.98714285714286,4,10,547.01
2023-10-14,-0.04,97.58,1,547.01,587.75,588.53,585.1771428571428,101.70000000000002,5,10,571.7
2023-10-15,1.48,114.03,1,571.7,547.01,604.58,580.48,101.33000000000001,6,10,584.94
2023-10-16,0.9,121.62,0,584.94,571.7,609.06,577.0342857142857,100.15142857142858,0,10,577.38
2023-10-17,-0.86,111.29,0,577.38,584.94,586.13,575.7842857142857,101.01714285714286,1,10,580.39
2023-10-18,0.02,88.45,0,580.39,577.38,586.75,574.8757142857143,99.36714285714287,2,10,580.19
2023-10-19,-0.5,80.38,0,580.19,580.39,574.96,575.6228571428571,99.20857142857143,3,10,570.0
2023-10-20,-0.63,95.07,0,570.0,580.19,587.75,573.0871428571429,101.20285714285714,4,10,583.66
2023-10-21,2.3,108.64,1,583.66,570.0,547.01,578.3228571428572,102.78285714285713,5,10,595.64
2023-10-22,1.38,117.82,1,595.64,583.66,571.7,581.7428571428571,103.32428571428571,6,10,628.48
2023-10-23,-0.66,119.69,0,628.48,595.64,584.94,587.9628571428572,103.04857142857142,0,10,593.82
2023-10-24,2.59,109.28,0,593.82,628.48,577.38,590.3114285714286,102.76142857142858,1,10,570.72
2023-10-25,1.47,94.39,0,570.72,593.82,580.39,588.9300000000001,103.61,2,10,550.63
2023-10-26,2.56,75.39,0,550.63,570.72,580.19,584.7071428571428,102.89714285714285,3,10,555.16
2023-10-27,2.26,83.08,0,555.16,550.63,570.0,582.5871428571429,101.1842857142857,4,10,575.89
2023-10-28,-0.58,91.66,1,575.89,555.16,583.66,581.4771428571429,98.75857142857144,5,10,555.52
2023-10-29,0.04,117.63,1,555.52,575.89,595.64,575.7457142857143,98.73142857142857,6,10,621.96
2023-10-30,2.74,122.73,0,621.96,555.52,628.48,574.8142857142857,99.1657142857143,0,10,577.41
2023-10-31,2.55,106.26,0,577.41,621.96,593.82,572.47,98.73428571428572,1,10,573.93
2023-11-01,1.37,99.19,0,573.93,577.41,570.72,572.9285714285714,99.41999999999999,2,11,562.27
2023-11-02,1.74,74.37,0,562.27,573.93,550.63,574.5914285714285,99.27428571428571,3,11,557.34
2023-11-03,4.15,77.04,0,557.34,562.27,555.16,574.9028571428571,98.41142857142857,4,11,579.34
2023-11-04,0.51,101.12,1,579.34,557.34,575.89,575.3957142857142,99.76285714285714,5,11,609.56
2023-11-05,2.88,120.87,1,609.56,579.34,555.52,583.1157142857143,100.22571428571429,6,11,597.45
2023-11-06,1.48,127.92,0,597.45,609.56,621.96,579.6142857142858,100.96714285714286,0,11,583.65
2023-11-07,1.55,106.38,0,583.65,597.45,577.41,580.5057142857142,100.98428571428572,1,11,581.33
2023-11-08,4.29,96.72,0,581.33,583.65,573.93,581.5628571428571,100.63142857142859,2,11,578.56
2023-11-09,3.85,80.31,0,578.56,581.33,562.27,583.8900000000001,101.48,3,11,570.75
2023-11-10,3.93,83.5,0,570.75,578.56,557.34,585.8057142857143,102.40285714285713,4,11,591.16
2023-11-11,5.03,104.42,1,591.16,570.75,579.34,587.4942857142858,102.87428571428572,5,11,597.92
2023-11-12,2.57,118.9,1,597.92,591.16,609.56,585.8314285714285,102.59285714285714,6,11,577.84
2023-11-13,4.01,111.62,0,577.84,597.92,597.45,583.03,100.26428571428572,0,11,606.08
2023-11-14,2.14,116.06,0,606.08,577.84,583.65,586.2342857142858,101.64714285714285,1,11,607.51
2023-11-15,3.53,98.22,0,607.51,606.08,581.33,589.9742857142857,101.86142857142856,2,11,560.22
2023-11-16,2.75,77.37,0,560.22,607.51,578.56,587.3542857142857,101.44142857142857,3,11,570.71
2023-11-17,3.32,86.34,0,570.71,560.22,570.75,587.3485714285714,101.84714285714287,4,11,560.68
2023-11-18,4.45,102.47,1,560.68,570.71,591.16,582.9942857142858,101.56857142857143,5,11,571.23
2023-11-19,1.75,116.94,1,571.23,560.68,597.92,579.1814285714286,101.28857142857143,6,11,576.64
2023-11-20,7.7,116.75,0,576.64,571.23,577.84,579.01,102.02142857142857,0,11,569.59
2023-11-21,1.63,105.32,0,569.59,576.64,606.08,573.7971428571428,100.48714285714287,1,11,579.25
2023-11-22,1.35,91.19,0,579.25,569.59,607.51,569.76,99.48285714285714,2,11,579.38
2023-11-23,6.23,86.37,1,579.38,579.25,560.22,572.4971428571429,100.76857142857143,3,11,567.76
2023-11-24,5.64,87.08,0,567.76,579.38,570.71,572.0757142857143,100.87428571428572,4,11,556.09
2023-11-25,5.44,98.15,1,556.09,567.76,560.68,571.42,100.25714285714285,5,11,608.42
2023-11-26,5.59,119.5,1,608.42,556.09,571.23,576.7328571428571,100.62285714285714,6,11,574.33
2023-11-27,4.45,105.26,0,574.33,608.42,576.64,576.4028571428572,98.98142857142857,0,11,572.57
2023-11-28,2.83,114.42,0,572.57,574.33,569.59,576.8285714285714,100.28142857142858,1,11,560.68
2023-11-29,4.92,82.62,0,560.68,572.57,579.25,574.1757142857143,99.05714285714286,2,11,559.35
2023-11-30,3.56,78.69,0,559.35,560.68,579.38,571.3142857142858,97.96000000000001,3,11,544.88
2023-12-01,7.01,78.77,0,544.88,559.35,567.76,568.0457142857143,96.77285714285713,4,12,559.95
2023-12-02,4.92,93.53,1,559.95,544.88,556.09,568.5971428571428,96.11285714285714,5,12,597.84
2023-12-03,3.71,121.44,1,597.84,559.95,608.42,567.0857142857143,96.39,6,12,581.49
2023-12-04,4.87,117.16,0,581.49,597.84,574.33,568.1085714285715,98.09,0,12,577.52
2023-12-05,6.5,110.41,1,577.52,581.49,572.57,568.8157142857143,97.51714285714286,1,12,585.8
2023-12-06,4.7,91.09,0,585.8,577.52,560.68,572.4042857142857,98.72714285714287,2,12,571.89
2023-12-07,4.34,82.89,0,571.89,585.8,559.35,574.1957142857143,99.32714285714285,3,12,578.57
2023-12-08,6.63,84.75,0,578.57,571.89,544.88,579.0085714285714,100.18142857142857,4,12,565.91
2023-12-09,6.79,93.59,1,565.91,578.57,559.95,579.86,100.19000000000001,5,12,571.73
2023-12-10,5.45,120.62,1,571.73,565.91,597.84,576.13,100.07285714285715,6,12,623.66
2023-12-11,5.68,117.03,0,623.66,571.73,581.49,582.1542857142857,100.05428571428571,0,12,607.78
2023-12-12,7.25,100.89,0,607.78,623.66,577.52,586.4771428571429,98.69428571428571,1,12,595.96
2023-12-13,4.05,89.18,0,595.96,607.78,585.8,587.9285714285714,98.42142857142858,2,12,592.51
2023-12-14,4.3,88.01,0,592.51,595.96,571.89,590.8742857142857,99.15285714285714,3,12,554.96
2023-12-15,5.84,88.61,0,554.96,592.51,578.57,587.5014285714286,99.70428571428572,4,12,580.79
2023-12-16,7.02,98.26,1,580.79,554.96,565.91,589.6271428571429,100.37142857142858,5,12,589.86
2023-12-17,8.24,113.89,1,589.86,580.79,571.73,592.2171428571429,99.41,6,12,581.44
2023-12-18,10.73,117.89,0,581.44,589.86,623.66,586.1857142857143,99.53285714285714,0,12,601.68
2023-12-19,9.66,119.06,0,601.68,581.44,607.78,585.3142857142857,102.12857142857145,1,12,587.47
2023-12-20,7.8,93.23,0,587.47,601.68,595.96,584.1014285714285,102.70714285714287,2,12,600.06
2023-12-21,8.25,82.65,0,600.06,587.47,592.51,585.1800000000001,101.94142857142857,3,12,590.57
2023-12-22,6.45,89.51,0,590.57,600.06,554.96,590.2671428571429,102.07000000000001,4,12,557.16
2023-12-23,8.59,101.19,1,557.16,590.57,580.79,586.8914285714285,102.48857142857143,5,12,605.9
2023-12-24,8.22,114.34,1,605.9,557.16,589.86,589.1828571428571,102.55285714285715,6,12,605.18
2023-12-25,9.61,118.52,0,605.18,605.9,581.44,592.5742857142858,102.64285714285714,0,12,591.48
2023-12-26,7.49,108.32,0,591.48,605.18,601.68,591.1171428571428,101.10857142857142,1,12,578.11
2023-12-27,10.35,91.14,0,578.11,591.48,587.47,589.78,100.80999999999999,2,12,554.18
2023-12-28,12.55,84.14,0,554.18,578.11,600.06,583.2257142857143,101.02285714285713,3,12,575.73
2023-12-29,9.44,84.62,0,575.73,554.18,590.57,581.1057142857143,100.32428571428571,4,12,580.68
2023-12-30,10.63,103.66,1,580.68,575.73,557.16,584.4657142857143,100.67714285714284,5,12,577.08
2023-12-31,11.38,115.23,1,577.08,580.68,605.9,580.3485714285714,100.80428571428571,6,12,608.82
2024-01-01,9.37,116.03,0,608.82,577.08,605.18,580.8685714285714,100.44857142857144,0,1,585.05
2024-01-02,10.79,109.51,0,585.05,608.82,591.48,579.95,100.61857142857143,1,1,598.79
2024-01-03,10.54,113.26,0,598.79,585.05,578.11,582.9042857142857,103.77857142857144,2,1,589.67
2024-01-04,10.88,93.05,0,589.67,598.79,554.18,587.9742857142857,105.05142857142857,3,1,580.95
2024-01-05,9.31,85.49,0,580.95,589.67,575.73,588.72,105.17571428571429,4,1,522.43
2024-01-06,11.08,69.88,1,522.43,580.95,580.68,580.3985714285715,100.35000000000001,5,1,572.95
2024-01-07,12.2,110.44,1,572.95,522.43,577.08,579.8085714285714,99.6657142857143,6,1,629.35
2024-01-08,14.28,114.94,0,629.35,572.95,608.82,582.7414285714286,99.51,0,1,604.49
2024-01-09,13.46,125.04,0,604.49,629.35,585.05,585.5185714285715,101.72857142857141,1,1,596.15
2024-01-10,16.02,103.48,0,596.15,604.49,598.79,585.1414285714285,100.33142857142856,2,1,584.52
2024-01-11,10.35,94.39,0,584.52,596.15,589.67,584.4057142857142,100.52285714285713,3,1,595.76
2024-01-12,13.8,75.23,0,595.76,584.52,580.95,586.5214285714285,99.05714285714285,4,1,575.81
2024-01-13,12.59,81.24,1,575.81,595.76,522.43,594.1471428571429,100.67999999999999,5,1,593.33
2024-01-14,16.77,109.57,1,593.33,575.81,572.95,597.0585714285714,100.55571428571429,6,1,587.81
2024-01-15,10.94,114.68,0,587.81,593.33,629.35,591.1242857142857,100.51857142857143,0,1,612.58
2024-01-16,11.04,120.59,0,612.58,587.81,604.49,592.28,99.88285714285715,1,1,610.0
2024-01-17,11.69,113.03,0,610.0,612.58,596.15,594.2585714285715,101.24714285714286,2,1,574.2
2024-01-18,8.8,93.8,0,574.2,610.0,584.52,592.7842857142857,101.16285714285716,3,1,563.27
2024-01-19,12.16,81.25,0,563.27,574.2,595.76,588.1428571428571,102.02285714285715,4,1,585.71
2024-01-20,11.86,86.19,1,585.71,563.27,575.81,589.5571428571428,102.73,5,1,577.29
2024-01-21,13.84,112.02,1,577.29,585.71,593.33,587.2657142857142,103.08,6,1,628.98
2024-01-22,14.38,115.35,0,628.98,577.29,587.81,593.1471428571429,103.17571428571429,0,1,625.47
2024-01-23,17.61,120.5,0,625.47,628.98,612.58,594.9885714285714,103.16285714285713,1,1,610.54
2024-01-24,15.92,113.93,0,610.54,625.47,610.0,595.0657142857143,103.29142857142857,2,1,596.11
2024-01-25,13.02,96.85,0,596.11,610.54,574.2,598.1957142857143,103.72714285714287,3,1,559.75
2024-01-26,12.53,86.44,0,559.75,596.11,563.27,597.6928571428572,104.46857142857142,4,1,566.24
2024-01-27,15.47,87.56,1,566.24,559.75,585.71,594.9114285714286,104.66428571428571,5,1,588.05
2024-01-28,12.0,94.28,1,588.05,566.24,577.29,596.4485714285713,102.13,6,1,623.87
2024-01-29,18.45,123.8,0,623.87,588.05,628.98,595.7185714285714,103.33714285714287,0,1,607.37
2024-01-30,17.3,113.77,0,607.37,623.87,625.47,593.1328571428572,102.37571428571428,1,1,626.32
2024-01-31,14.15,110.19,0,626.32,607.37,610.54,595.3871428571429,101.84142857142857,2,1,578.59
2024-02-01,11.81,87.55,0,578.59,626.32,596.11,592.8842857142857,100.51285714285714,3,2,569.33
2024-02-02,18.09,80.18,0,569.33,578.59,559.75,594.2528571428572,99.61857142857141,4,2,564.21
2024-02-03,15.3,86.01,1,564.21,569.33,566.24,593.9628571428573,99.39714285714285,5,2,587.32
2024-02-04,18.14,101.61,1,587.32,564.21,588.05,593.8585714285715,100.44428571428571,6,2,580.22
2024-02-05,12.62,117.75,0,580.22,587.32,623.87,587.6228571428572,99.58,0,2,619.19
2024-02-06,14.75,127.57,0,619.19,580.22,607.37,589.3114285714286,101.55142857142857,1,2,614.47
2024-02-07,16.1,110.95,0,614.47,619.19,626.32,587.6185714285714,101.66,2,2,581.71
2024-02-08,16.31,90.1,0,581.71,614.47,578.59,588.0642857142858,102.02428571428571,3,2,598.12
2024-02-09,15.45,85.32,0,598.12,581.71,569.33,592.1771428571429,102.75857142857144,4,2,576.28
2024-02-10,17.73,90.31,1,576.28,598.12,564.21,593.9014285714286,103.37285714285714,5,2,600.01
2024-02-11,14.48,93.86,1,600.01,576.28,587.32,595.7142857142857,102.26571428571428,6,2,597.45
2024-02-12,16.46,118.62,0,597.45,600.01,580.22,598.1757142857142,102.39,0,2,605.01
2024-02-13,17.11,123.0,1,605.01,597.45,619.19,596.15,101.73714285714286,1,2,565.11
2024-02-14,18.02,107.19,1,565.11,605.01,614.47,589.0985714285715,101.20000000000002,2,2,569.22
2024-02-15,18.54,98.2,0,569.22,565.11,581.71,587.3142857142857,102.35714285714286,3,2,546.39
2024-02-16,14.99,79.75,0,546.39,569.22,598.12,579.9242857142857,101.56142857142856,4,2,568.85
2024-02-17,14.29,84.99,1,568.85,546.39,576.28,578.8628571428571,100.80142857142857,5,2,577.74
2024-02-18,20.03,99.13,1,577.74,568.85,600.01,575.6814285714287,101.55428571428571,6,2,600.18
2024-02-19,18.25,115.71,0,600.18,577.74,597.45,576.0714285714286,101.13857142857144,0,2,578.39
2024-02-20,16.2,114.02,0,578.39,600.18,605.01,572.2685714285715,99.85571428571428,1,2,586.98
2024-02-21,20.91,101.48,0,586.98,578.39,565.11,575.3928571428571,99.03999999999999,2,2,594.28
2024-02-22,18.14,99.29,0,594.28,586.98,569.22,578.972857142857,99.19571428571429,3,2,588.82
2024-02-23,20.37,76.27,0,588.82,594.28,546.39,585.0342857142857,98.69857142857143,4,2,558.14
2024-02-24,18.25,79.41,1,558.14,588.82,568.85,583.5042857142856,97.90142857142857,5,2,572.09
2024-02-25,22.34,89.23,1,572.09,558.14,577.74,582.6971428571429,96.48714285714286,6,2,600.99
2024-02-26,21.82,112.44,0,600.99,572.09,600.18,582.8128571428572,96.02,0,2,631.28
2024-02-27,17.91,112.88,0,631.28,600.99,578.39,590.3685714285714,95.85714285714286,1,2,594.25
2024-02-28,20.44,116.89,0,594.25,631.28,586.98,591.407142857143,98.05857142857143,2,2,582.36
2024-02-29,19.88,96.37,0,582.36,594.25,594.28,589.7042857142858,97.64142857142858,3,2,570.79
2024-03-01,21.41,77.06,0,570.79,582.36,588.82,587.1285714285714,97.75428571428571,4,3,578.89
2024-03-02,16.83,95.63,1,578.89,570.79,558.14,590.092857142857,100.07142857142857,5,3,564.3
2024-03-03,20.21,104.91,1,564.3,578.89,572.09,588.9799999999999,102.31142857142858,6,3,609.63
2024-03-04,21.04,114.01,0,609.63,564.3,600.99,590.2142857142857,102.53571428571429,0,3,601.69
2024-03-05,15.48,107.0,0,601.69,609.63,631.28,585.9871428571429,101.69571428571429,1,3,599.93
2024-03-06,16.7,120.13,0,599.93,601.69,594.25,586.7985714285714,102.15857142857143,2,3,585.88
2024-03-07,15.06,84.37,0,585.88,599.93,582.36,587.3014285714286,100.44428571428571,3,3,557.96
2024-03-08,18.67,72.27,0,557.96,585.88,570.79,585.4685714285714,99.76,4,3,551.11
2024-03-09,20.71,89.48,1,551.11,557.96,578.89,581.5,98.88142857142859,5,3,588.37
2024-03-10,22.34,112.2,1,588.37,551.11,564.3,584.9385714285714,99.92285714285713,6,3,588.88
2024-03-11,19.55,122.56,0,588.88,588.37,609.63,581.9742857142857,101.14428571428572,0,3,583.01
2024-03-12,22.71,122.32,0,583.01,588.88,601.69,579.3057142857143,103.33285714285714,1,3,611.68
2024-03-13,16.75,111.65,0,611.68,583.01,599.93,580.9842857142856,102.12142857142858,2,3,606.28
2024-03-14,16.16,95.59,0,606.28,611.68,585.88,583.8985714285715,103.7242857142857,3,3,576.2
2024-03-15,19.5,84.3,0,576.2,606.28,557.96,586.5042857142859,105.44285714285715,4,3,554.83
2024-03-16,20.43,85.77,1,554.83,576.2,551.11,587.0357142857143,104.91285714285713,5,3,591.36
2024-03-17,19.64,100.52,1,591.36,554.83,588.37,587.4628571428572,103.24428571428572,6,3,588.93
2024-03-18,15.61,115.32,0,588.93,591.36,588.88,587.47,102.21000000000001,0,3,588.0
2024-03-19,19.6,115.73,0,588.0,588.93,583.01,588.1828571428571,101.26857142857143,1,3,611.12
2024-03-20,17.2,107.27,0,611.12,588.0,611.68,588.1028571428571,100.64285714285714,2,3,583.11
2024-03-21,21.18,82.86,0,583.11,611.12,606.28,584.7928571428572,98.82428571428571,3,3,596.39
2024-03-22,20.61,80.01,0,596.39,583.11,576.2,587.6771428571428,98.21142857142857,4,3,526.57
2024-03-23,18.02,79.42,1,526.57,596.39,554.83,583.64,97.30428571428571,5,3,550.16
2024-03-24,18.89,94.48,1,550.16,526.57,591.36,577.7542857142856,96.44142857142857,6,3,608.51
2024-03-25,17.82,116.54,0,608.51,550.16,588.93,580.5514285714286,96.61571428571428,0,3,623.51
2024-03-26,19.83,126.46,0,623.51,608.51,588.0,585.6242857142857,98.14857142857144,1,3,620.44
2024-03-27,21.88,113.27,0,620.44,623.51,611.12,586.9557142857144,99.00571428571428,2,3,584.6
2024-03-28,18.01,83.47,0,584.6,620.44,583.11,587.1685714285715,99.09285714285716,3,3,579.62
2024-03-29,21.0,75.55,0,579.62,584.6,596.39,584.7728571428571,98.4557142857143,4,3,561.1
2024-03-30,18.94,89.07,1,561.1,579.62,526.57,589.7057142857144,99.8342857142857,5,3,595.37
2024-03-31,18.41,95.09,1,595.37,561.1,550.16,596.1642857142858,99.92142857142856,6,3,591.2
2024-04-01,19.79,114.51,0,591.2,595.37,608.51,593.6914285714286,99.63142857142857,0,4,618.41
2024-04-02,17.92,122.25,0,618.41,591.2,623.51,592.9628571428572,99.02999999999999,1,4,583.97
2024-04-03,18.88,103.84,0,583.97,618.41,620.44,587.7528571428572,97.68285714285715,2,4,596.58
2024-04-04,17.58,91.85,0,596.58,583.97,584.6,589.4642857142857,98.88,3,4,561.76
2024-04-05,23.9,73.83,0,561.76,596.58,579.62,586.9128571428572,98.63428571428572,4,4,572.57
2024-04-06,20.02,81.36,1,572.57,561.76,561.1,588.5514285714287,97.53285714285714,5,4,578.56
2024-04-07,18.53,101.6,1,578.56,572.57,595.37,586.15,98.46285714285715,6,4,608.82
2024-04-08,20.34,107.67,1,608.82,578.56,591.2,588.6671428571428,97.4857142857143,0,4,609.33
2024-04-09,19.66,121.7,0,609.33,608.82,618.41,587.37,97.40714285714286,1,4,609.32
2024-04-10,19.42,108.58,0,609.32,609.33,583.97,590.9914285714286,98.08428571428571,2,4,580.49
2024-04-11,21.06,94.08,0,580.49,609.32,596.58,588.6928571428572,98.40285714285713,3,4,578.03
2024-04-12,21.31,81.62,0,578.03,580.49,561.76,591.0171428571429,99.51571428571428,4,4,570.29
2024-04-13,18.7,91.18,1,570.29,578.03,572.57,590.6914285714286,100.91857142857144,5,4,553.3
2024-04-14,18.57,100.63,1,553.3,570.29,578.56,587.0828571428572,100.78,6,4,585.53
2024-04-15,19.13,113.49,0,585.53,553.3,608.82,583.7557142857142,101.61142857142856,0,4,619.05
2024-04-16,15.03,120.11,0,619.05,585.53,609.33,585.1442857142857,101.38428571428572,1,4,601.67
2024-04-17,16.56,111.39,0,601.67,619.05,609.32,584.0514285714286,101.78571428571429,2,4,581.97
2024-04-18,22.27,91.57,0,581.97,601.67,580.49,584.2628571428571,101.42714285714285,3,4,551.39
2024-04-19,22.77,80.7,1,551.39,581.97,578.03,580.4571428571428,101.2957142857143,4,4,550.18
2024-04-20,18.93,80.85,1,550.18,551.39,570.29,577.5842857142857,99.82000000000001,5,4,575.82
2024-04-21,20.52,96.69,1,575.82,550.18,553.3,580.8014285714286,99.25714285714285,6,4,610.07
2024-04-22,19.93,108.62,0,610.07,575.82,585.53,584.3071428571428,98.56142857142856,0,4,590.46
2024-04-23,25.4,128.25,0,590.46,610.07,619.05,580.2228571428572,99.7242857142857,1,4,620.43
2024-04-24,21.41,102.46,0,620.43,590.46,601.67,582.9028571428572,98.44857142857143,2,4,606.41
2024-04-25,18.85,87.86,0,606.41,620.43,581.97,586.3942857142857,97.91857142857144,3,4,541.72
2024-04-26,17.12,76.91,0,541.72,606.41,551.39,585.0128571428571,97.37714285714286,4,4,581.83
2024-04-27,15.75,88.84,1,581.83,541.72,550.18,589.5342857142857,98.5185714285714,5,4,590.91
2024-04-28,19.29,98.53,1,590.91,581.83,575.82,591.6899999999999,98.78142857142858,6,4,612.78
2024-04-29,17.29,121.88,0,612.78,590.91,610.07,592.0771428571428,100.67571428571429,0,4,588.03
2024-04-30,15.87,116.13,0,588.03,612.78,590.46,591.7299999999999,98.94428571428571,1,4,618.61
2024-05-01,17.34,110.07,0,618.61,588.03,620.43,591.47,100.03142857142856,2,5,580.96
2024-05-02,16.38,87.15,0,580.96,618.61,606.41,587.8342857142858,99.92999999999999,3,5,598.81
2024-05-03,21.83,91.23,0,598.81,580.96,541.72,595.99,101.97571428571428,4,5,592.79
2024-05-04,20.12,78.43,1,592.79,598.81,581.83,597.5557142857142,100.48857142857143,5,5,580.85
2024-05-05,18.25,101.55,1,580.85,592.79,590.91,596.1185714285714,100.91999999999999,6,5,598.58
2024-05-06,21.13,118.81,0,598.58,580.85,612.78,594.09,100.48142857142857,0,5,608.07
2024-05-07,18.22,121.57,0,608.07,598.58,588.03,596.9528571428572,101.25857142857141,1,5,589.23
2024-05-08,16.24,107.75,0,589.23,608.07,618.61,592.7557142857142,100.92714285714285,2,5,596.26
2024-05-09,20.9,90.67,0,596.26,589.23,580.96,594.9414285714286,101.42999999999999,3,5,568.68
2024-05-10,18.83,80.72,0,568.68,596.26,598.81,590.6371428571429,99.92857142857143,4,5,554.39
2024-05-11,15.56,83.63,1,554.39,568.68,592.79,585.1514285714286,100.67142857142856,5,5,559.97
2024-05-12,17.15,104.82,1,559.97,554.39,580.85,582.1685714285715,101.13857142857144,6,5,614.02
2024-05-13,15.66,126.69,0,614.02,559.97,598.58,584.3742857142857,102.2642857142857,0,5,610.12
2024-05-14,14.53,116.71,0,610.12,614.02,608.07,584.6671428571428,101.57000000000001,1,5,557.55
2024-05-15,19.03,101.83,0,557.55,610.12,589.23,580.1414285714285,100.72428571428573,2,5,593.9
2024-05-16,20.87,90.88,0,593.9,557.55,596.26,579.8042857142857,100.75428571428571,3,5,587.98
2024-05-17,14.14,93.4,0,587.98,593.9,568.68,582.5614285714286,102.5657142857143,4,5,548.66
2024-05-18,17.93,80.34,1,548.66,587.98,554.39,581.7428571428571,102.0957142857143,5,5,611.58
2024-05-19,15.38,108.2,1,611.58,548.66,559.97,589.1157142857143,102.57857142857142,6,5,628.3
2024-05-20,15.58,124.03,0,628.3,611.58,614.02,591.1557142857143,102.19857142857144,0,5,591.49
2024-05-21,15.24,116.73,0,591.49,628.3,610.12,588.4942857142858,102.20142857142856,1,5,616.02
2024-05-22,14.56,111.52,0,616.02,591.49,557.55,596.8471428571428,103.58571428571427,2,5,613.32
2024-05-23,16.25,99.46,0,613.32,616.02,593.9,599.6214285714286,104.81142857142856,3,5,579.01
2024-05-24,14.35,78.61,0,579.01,613.32,587.98,598.34,102.69857142857143,4,5,567.29
2024-05-25,16.42,83.35,1,567.29,579.01,548.66,601.0014285714286,103.12857142857142,5,5,577.57
2024-05-26,15.64,97.09,1,577.57,567.29,611.58,596.1428571428571,101.54142857142857,6,5,571.74
2024-05-27,15.12,110.56,0,571.74,577.57,628.3,588.0628571428572,99.61714285714287,0,5,604.04
2024-05-28,13.64,116.25,0,604.04,571.74,591.49,589.8557142857143,99.54857142857144,1,5,592.58
2024-05-29,14.15,102.56,0,592.58,604.04,616.02,586.5071428571429,98.2685714285714,2,5,610.04
2024-05-30,16.67,91.49,0,610.04,592.58,613.32,586.0385714285715,97.13,3,5,581.4
2024-05-31,16.01,76.65,0,581.4,610.04,579.01,586.38,96.85000000000001,4,5,557.5
2024-06-01,12.91,85.53,1,557.5,581.4,567.29,584.9814285714285,97.16142857142857,5,6,566.98
2024-06-02,14.91,92.22,1,566.98,557.5,577.57,583.4685714285714,96.46571428571428,6,6,624.32
2024-06-03,16.06,117.29,0,624.32,566.98,571.74,590.9800000000001,97.42714285714285,0,6,608.82
2024-06-04,11.07,123.67,0,608.82,624.32,604.04,591.6628571428572,98.48714285714286,1,6,583.3
2024-06-05,15.34,98.71,0,583.3,608.82,592.58,590.3371428571429,97.93714285714285,2,6,583.95
2024-06-06,12.77,93.19,0,583.95,583.3,610.04,586.61,98.17999999999999,3,6,598.13
2024-06-07,15.08,86.64,0,598.13,583.95,581.4,589.0,99.60714285714286,4,6,563.4
2024-06-08,12.25,78.32,1,563.4,598.13,557.5,589.8428571428573,98.57714285714285,5,6,579.55
2024-06-09,10.01,108.36,1,579.55,563.4,566.98,591.6385714285715,100.88285714285713,6,6,609.36
2024-06-10,10.2,117.73,0,609.36,579.55,624.32,589.5014285714286,100.94571428571429,0,6,578.3
2024-06-11,13.39,115.97,1,578.3,609.36,608.82,585.1414285714285,99.8457142857143,1,6,597.87
2024-06-12,13.65,108.4,0,597.87,578.3,583.3,587.2228571428572,101.23,2,6,578.17
2024-06-13,11.16,94.11,0,578.17,597.87,583.95,586.3971428571429,101.36142857142859,3,6,574.58
2024-06-14,14.08,80.88,0,574.58,578.17,598.13,583.0328571428571,100.53857142857143,4,6,581.77
2024-06-15,9.31,87.06,1,581.77,574.58,563.4,585.657142857143,101.78714285714285,5,6,553.61
2024-06-16,12.34,95.4,1,553.61,581.77,579.55,581.9514285714286,99.93571428571428,6,6,595.1
2024-06-17,9.88,116.48,0,595.1,553.61,609.36,579.9142857142857,99.75714285714285,0,6,583.86
2024-06-18,10.83,112.43,0,583.86,595.1,578.3,580.7085714285714,99.25142857142858,1,6,557.79
2024-06-19,12.06,108.12,1,557.79,583.86,597.87,574.9828571428571,99.21142857142857,2,6,579.02
2024-06-20,10.08,86.8,0,579.02,557.79,578.17,575.1042857142858,98.16714285714285,3,6,564.98
2024-06-21,10.86,76.82,0,564.98,579.02,574.58,573.7328571428571,97.58714285714287,4,6,592.97
2024-06-22,13.47,90.54,1,592.97,564.98,581.77,575.3328571428572,98.08428571428571,5,6,572.57
2024-06-23,10.13,105.46,1,572.57,592.97,553.61,578.0414285714286,99.52142857142859,6,6,628.08
2024-06-24,12.79,118.68,0,628.08,572.57,595.1,582.7528571428572,99.83571428571429,0,6,617.5
2024-06-25,8.69,114.04,0,617.5,628.08,583.86,587.5585714285714,100.0657142857143,1,6,595.88
2024-06-26,11.83,107.1,0,595.88,617.5,557.79,593.0,99.91999999999999,2,6,623.74
2024-06-27,13.49,97.39,0,623.74,595.88,579.02,599.3885714285715,101.43285714285715,3,6,579.19
2024-06-28,5.49,81.21,0,579.19,623.74,564.98,601.4185714285715,102.05999999999999,4,6,591.26
2024-06-29,8.66,95.96,1,591.26,579.19,592.97,601.1742857142857,102.83428571428571,5,6,595.62
2024-06-30,11.24,101.97,1,595.62,591.26,572.57,604.4671428571429,102.33571428571427,6,6,611.74
2024-07-01,9.51,116.6,0,611.74,595.62,628.08,602.1328571428572,102.03857142857143,0,7,618.38
2024-07-02,10.48,117.95,0,618.38,611.74,617.5,602.2585714285715,102.59714285714286,1,7,608.54
2024-07-03,8.36,109.35,0,608.54,618.38,595.88,604.0671428571429,102.91857142857144,2,7,567.6
2024-07-04,9.57,90.56,0,567.6,608.54,623.74,596.0471428571428,101.94285714285714,3,7,580.1
2024-07-05,8.91,84.04,0,580.1,567.6,579.19,596.1771428571428,102.34714285714287,4,7,580.69
2024-07-06,11.39,89.15,1,580.69,580.1,591.26,594.6671428571428,101.37428571428572,5,7,592.02
2024-07-07,9.39,96.07,1,592.02,580.69,595.62,594.1528571428572,100.53142857142858,6,7,588.66
2024-07-08,9.39,108.98,0,588.66,592.02,611.74,590.8557142857143,99.44285714285715,0,7,607.65
2024-07-09,7.72,110.32,0,607.65,588.66,618.38,589.3228571428572,98.35285714285715,1,7,602.55
2024-07-10,7.4,111.22,0,602.55,607.65,608.54,588.4671428571428,98.61999999999999,2,7,578.18
2024-07-11,7.34,85.81,0,578.18,602.55,567.6,589.9785714285715,97.94142857142857,3,7,573.18
2024-07-12,8.82,69.74,0,573.18,578.18,580.1,588.99,95.89857142857143,4,7,563.48
2024-07-13,7.02,86.31,1,563.48,573.18,580.69,586.5314285714286,95.49285714285713,5,7,589.9
2024-07-14,8.28,112.46,1,589.9,563.48,592.02,586.2285714285715,97.83428571428571,6,7,627.64
2024-07-15,11.68,115.61,0,627.64,589.9,588.66,591.7971428571428,98.78142857142858,0,7,622.97
2024-07-16,9.11,123.69,0,622.97,627.64,607.65,593.9857142857143,100.69142857142856,1,7,602.91
2024-07-17,6.55,109.09,0,602.91,622.97,602.55,594.0371428571428,100.38714285714286,2,7,613.08
2024-07-18,9.44,90.83,0,613.08,602.91,578.18,599.0228571428571,101.10428571428572,3,7,595.49
2024-07-19,6.05,85.1,0,595.49,613.08,573.18,602.21,103.29857142857142,4,7,554.01
2024-07-20,2.63,82.91,1,554.01,595.49,563.48,600.8571428571429,102.81285714285715,5,7,552.84
2024-07-21,4.53,101.34,1,552.84,554.01,589.9,595.5628571428572,101.2242857142857,6,7,588.08
2024-07-22,2.64,117.25,0,588.08,552.84,627.64,589.9114285714286,101.45857142857142,0,7,617.48
2024-07-23,5.52,116.16,0,617.48,588.08,622.97,589.1271428571429,100.38285714285715,1,7,592.31
2024-07-24,6.1,113.64,0,592.31,617.48,602.91,587.6128571428571,101.03285714285714,2,7,569.69
2024-07-25,9.26,90.45,0,569.69,592.31,613.08,581.4142857142857,100.97857142857141,3,7,561.04
2024-07-26,6.4,76.72,0,561.04,569.69,595.49,576.4928571428571,99.78142857142858,4,7,549.75
2024-07-27,5.16,87.05,1,549.75,561.04,554.01,575.8842857142857,100.37285714285713,5,7,580.58
2024-07-28,7.1,95.51,1,580.58,549.75,552.84,579.8471428571429,99.54,6,7,598.58
2024-07-29,0.87,115.78,0,598.58,580.58,588.08,581.3471428571429,99.33000000000001,0,7,585.67
2024-07-30,5.61,119.45,0,585.67,598.58,617.48,576.8028571428571,99.79999999999998,1,7,602.92
2024-07-31,6.53,114.11,0,602.92,585.67,592.31,578.3185714285714,99.86714285714285,2,7,587.15
2024-08-01,1.88,93.7,0,587.15,602.92,569.69,580.8128571428572,100.33142857142857,3,8,568.53
2024-08-02,6.98,80.38,0,568.53,587.15,561.04,581.8828571428572,100.85428571428572,4,8,578.66
2024-08-03,5.22,88.45,1,578.66,568.53,549.75,586.0128571428571,101.05428571428573,5,8,568.99
2024-08-04,3.57,106.95,1,568.99,578.66,580.58,584.3571428571429,102.68857142857142,6,8,622.1
2024-08-05,5.53,118.43,0,622.1,568.99,598.58,587.7171428571428,103.06714285714285,0,8,616.91
2024-08-06,8.66,119.55,0,616.91,622.1,585.67,592.18,103.08142857142856,1,8,605.77
2024-08-07,4.35,102.12,0,605.77,616.91,602.92,592.5871428571428,101.36857142857143,2,8,562.5
2024-08-08,4.34,86.0,0,562.5,605.77,587.15,589.0657142857143,100.26857142857143,3,8,574.08
2024-08-09,2.79,78.98,0,574.08,562.5,568.53,589.8585714285715,100.06857142857143,4,8,553.24
2024-08-10,1.88,81.32,1,553.24,574.08,578.66,586.2271428571429,99.04999999999998,5,8,548.53
2024-08-11,5.11,99.07,1,548.53,553.24,568.99,583.3042857142857,97.92428571428572,6,8,618.18
2024-08-12,1.61,115.92,0,618.18,548.53,622.1,582.7442857142856,97.56571428571428,0,8,595.21
2024-08-13,3.34,122.15,0,595.21,618.18,616.91,579.6442857142857,97.93714285714286,1,8,586.67
2024-08-14,2.11,108.33,0,586.67,595.21,605.77,576.9157142857142,98.82428571428571,2,8,569.86
2024-08-15,3.9,93.75,0,569.86,586.67,562.5,577.9671428571429,99.93142857142857,3,8,585.05
2024-08-16,3.49,80.82,0,585.05,569.86,574.08,579.5342857142857,100.19428571428571,4,8,527.23
2024-08-17,4.78,74.49,1,527.23,585.05,553.24,575.8185714285714,99.21857142857142,5,8,574.45
2024-08-18,1.57,95.3,1,574.45,527.23,548.53,579.5214285714286,98.67999999999999,6,8,616.73
2024-08-19,1.93,114.92,0,616.73,574.45,618.18,579.3142857142858,98.53714285714285,0,8,607.2
2024-08-20,0.4,113.45,0,607.2,616.73,595.21,581.0271428571428,97.2942857142857,1,8,608.9
2024-08-21,1.36,111.68,0,608.9,607.2,586.67,584.2028571428572,97.77285714285715,2,8,600.23
2024-08-22,2.9,98.98,0,600.23,608.9,569.86,588.5414285714286,98.52,3,8,565.03
2024-08-23,3.55,86.6,0,565.03,600.23,585.05,585.6814285714287,99.34571428571428,4,8,576.44
2024-08-24,0.09,83.3,1,576.44,565.03,527.23,592.7114285714287,100.60428571428572,5,8,569.1
2024-08-25,3.57,107.45,1,569.1,576.44,574.45,591.9471428571429,102.34,6,8,602.59
2024-08-26,4.45,116.38,0,602.59,569.1,616.73,589.9271428571428,102.54857142857144,0,8,598.77
2024-08-27,2.47,117.81,0,598.77,602.59,607.2,588.7228571428572,103.17142857142858,1,8,602.8
2024-08-28,5.3,105.61,0,602.8,598.77,608.9,587.8514285714285,102.3042857142857,2,8,572.03
2024-08-29,-0.09,89.81,0,572.03,602.8,600.23,583.8228571428572,100.99428571428572,3,8,571.61
2024-08-30,-1.12,78.56,0,571.61,572.03,565.03,584.7628571428571,99.8457142857143,4,8,536.83
2024-08-31,-2.27,85.22,1,536.83,571.61,576.44,579.1042857142857,100.12,5,8,588.55
2024-09-01,4.19,100.8,1,588.55,536.83,569.1,581.8828571428571,99.17,6,9,612.15
2024-09-02,2.43,115.65,0,612.15,588.55,602.59,583.2485714285715,99.0657142857143,0,9,601.8
2024-09-03,0.93,121.68,0,601.8,612.15,598.77,583.6814285714286,99.61857142857141,1,9,593.81
2024-09-04,1.53,114.63,0,593.81,601.8,602.8,582.3971428571429,100.90714285714286,2,9,594.24
2024-09-05,-1.36,96.07,0,594.24,593.81,572.03,585.5699999999999,101.80142857142857,3,9,559.12
2024-09-06,5.72,73.08,0,559.12,594.24,571.61,583.7857142857143,101.0185714285714,4,9,548.09
2024-09-07,1.02,71.59,1,548.09,559.12,536.83,585.3942857142857,99.07142857142857,5,9,590.05
2024-09-08,0.91,104.67,1,590.05,548.09,588.55,585.6085714285715,99.62428571428572,6,9,584.37
2024-09-09,2.08,108.8,0,584.37,590.05,612.15,581.64,98.64571428571428,0,9,609.46
2024-09-10,1.53,118.37,0,609.46,584.37,601.8,582.7342857142858,98.17285714285715,1,9,595.96
2024-09-11,0.96,102.83,0,595.96,609.46,593.81,583.0414285714286,96.48714285714287,2,9,572.32
2024-09-12,-1.12,82.31,0,572.32,595.96,594.24,579.91,94.52142857142857,3,9,568.19
2024-09-13,1.36,83.21,0,568.19,572.32,559.12,581.2057142857143,95.96857142857142,4,9,579.33
2024-09-14,4.13,88.16,1,579.33,568.19,548.09,585.6685714285715,98.33571428571429,5,9,558.77
2024-09-15,3.01,97.12,1,558.77,579.33,590.05,581.2,97.25714285714285,6,9,565.25
2024-09-16,3.47,102.68,0,565.25,558.77,584.37,578.4685714285715,96.38285714285715,0,9,611.19
2024-09-17,-0.78,116.77,0,611.19,565.25,609.46,578.7157142857143,96.15428571428572,1,9,578.18
2024-09-18,-1.78,110.64,0,578.18,611.19,595.96,576.1757142857143,97.27,2,9,586.07
2024-09-19,-0.08,83.93,0,586.07,578.18,572.32,578.1400000000001,97.50142857142858,3,9,593.89
2024-09-20,0.25,81.42,0,593.89,586.07,568.19,581.8114285714286,97.24571428571429,4,9,566.64
2024-09-21,2.3,84.29,1,566.64,593.89,579.33,579.9985714285715,96.69285714285715,5,9,585.37
2024-09-22,-3.3,102.9,1,585.37,566.64,558.77,583.7985714285714,97.51857142857143,6,9,633.5
2024-09-23,3.13,116.23,0,633.5,585.37,565.25,593.5485714285714,99.45428571428572,0,9,614.73
2024-09-24,-0.27,114.63,0,614.73,633.5,611.19,594.0542857142857,99.14857142857143,1,9,604.95
2024-09-25,-0.82,114.66,0,604.95,614.73,578.18,597.8785714285714,99.72285714285714,2,9,604.62
2024-09-26,-2.0,90.53,0,604.62,604.95,586.07,600.5285714285716,100.6657142857143,3,9,597.66
2024-09-27,-3.3,80.36,0,597.66,604.62,593.89,601.0671428571429,100.5142857142857,4,9,579.83
2024-09-28,1.65,79.7,1,579.83,597.66,566.64,602.9514285714286,99.85857142857142,5,9,559.64
2024-09-29,0.15,97.78,1,559.64,579.83,585.37,599.2757142857143,99.12714285714286,6,9,576.11
2024-09-30,-2.58,111.21,0,576.11,559.64,633.5,591.0771428571428,98.41,0,9,594.07
2024-10-01,-2.59,118.63,0,594.07,576.11,614.73,588.1257142857143,98.98142857142857,1,10,612.78
2024-10-02,-0.66,117.24,0,612.78,594.07,604.95,589.2442857142858,99.35000000000001,2,10,580.42
2024-10-03,3.35,84.46,0,580.42,612.78,604.62,585.7871428571428,98.48285714285713,3,10,543.4
2024-10-04,-0.49,72.43,1,543.4,580.42,597.66,578.0357142857143,97.35000000000001,4,10,569.11
2024-10-05,-2.97,91.72,1,569.11,543.4,579.83,576.5042857142857,99.06714285714285,5,10,545.71
2024-10-06,-0.43,98.95,1,545.71,569.11,559.64,574.5142857142857,99.23428571428572,6,10,600.55
2024-10-07,-0.47,112.29,0,600.55,545.71,576.11,578.0057142857142,99.38857142857144,0,10,622.74
2024-10-08,-5.29,124.7,0,622.74,600.55,594.07,582.1014285714285,100.25571428571428,1,10,581.63
2024-10-09,0.02,105.65,1,581.63,622.74,612.78,577.6514285714286,98.60000000000001,2,10,599.46
2024-10-10,-0.31,100.45,0,599.46,581.63,580.42,580.3714285714286,100.88428571428571,3,10,600.75
2024-10-11,1.58,83.89,0,600.75,599.46,543.4,588.5642857142857,102.52142857142857,4,10,555.41
2024-10-12,3.92,81.92,1,555.41,600.75,569.11,586.6071428571429,101.12142857142858,5,10,569.01
2024-10-13,2.51,110.79,1,569.01,555.41,545.71,589.9357142857143,102.81285714285715,6,10,616.74
2024-10-14,-0.24,112.61,0,616.74,569.01,600.55,592.2485714285714,102.85857142857142,0,10,624.14
2024-10-15,-1.87,123.21,0,624.14,616.74,622.74,592.4485714285714,102.6457142857143,1,10,608.24
2024-10-16,5.54,110.17,0,608.24,624.14,581.63,596.25,103.29142857142857,2,10,585.11
2024-10-17,0.56,97.83,0,585.11,608.24,599.46,594.1999999999999,102.91714285714286,3,10,579.91
2024-10-18,0.52,88.31,0,579.91,585.11,600.75,591.222857142857,103.54857142857144,4,10,537.72
2024-10-19,0.5,84.52,1,537.72,579.91,555.41,588.6957142857143,103.91999999999999,5,10,583.19
2024-10-20,1.0,96.23,1,583.19,537.72,569.01,590.7214285714286,101.84,6,10,619.73
2024-10-21,0.37,117.94,0,619.73,583.19,616.74,591.1485714285715,102.60142857142857,0,10,582.04
2024-10-22,-0.42,116.11,0,582.04,619.73,624.14,585.1342857142857,101.58714285714284,1,10,616.91
2024-10-23,-0.3,118.74,0,616.91,582.04,608.24,586.3728571428571,102.81142857142856,2,10,589.13
2024-10-24,0.79,92.01,0,589.13,616.91,585.11,586.9471428571429,101.97999999999999,3,10,556.61
2024-10-25,-0.16,78.67,0,556.61,589.13,579.91,583.6185714285714,100.60285714285715,4,10,539.02
2024-10-26,-0.42,85.29,1,539.02,556.61,537.72,583.8042857142857,100.71285714285715,5,10,569.97
2024-10-27,1.29,93.26,1,569.97,539.02,583.19,581.9157142857142,100.28857142857143,6,10,592.11
2024-10-28,0.65,110.78,0,592.11,569.97,619.73,577.97,99.26571428571428,0,10,638.96
2024-10-29,4.25,125.5,0,638.96,592.11,582.04,586.1014285714285,100.60714285714286,1,10,605.77
2024-10-30,-3.98,105.39,0,605.77,638.96,616.91,584.51,98.70000000000002,2,10,586.94
2024-10-31,3.6,86.09,0,586.94,605.77,589.13,584.1971428571429,97.85428571428572,3,10,585.57
2024-11-01,3.99,83.18,0,585.57,586.94,556.61,588.3342857142858,98.49857142857142,4,11,580.11
2024-11-02,-2.55,90.29,1,580.11,585.57,539.02,594.2042857142858,99.21285714285715,5,11,585.28
2024-11-03,1.0,103.59,1,585.28,580.11,569.97,596.3914285714285,100.68857142857144,6,11,613.73
2024-11-04,1.04,120.62,0,613.73,585.28,592.11,599.4800000000001,102.0942857142857,0,11,586.64
2024-11-05,-0.93,115.71,0,586.64,613.73,638.96,592.0057142857142,100.69571428571429,1,11,636.65
2024-11-06,0.43,101.57,0,636.65,586.64,605.77,596.4171428571428,100.14999999999999,2,11,571.71
2024-11-07,-0.13,98.83,0,571.71,636.65,586.94,594.2414285714286,101.97000000000001,3,11,570.55
2024-11-08,5.7,78.89,0,570.55,571.71,585.57,592.0957142857143,101.35714285714286,4,11,533.04
2024-11-09,4.18,83.11,1,533.04,570.55,580.11,585.3714285714285,100.33142857142857,5,11,585.18
2024-11-10,4.96,106.64,1,585.18,533.04,585.28,585.3571428571429,100.76714285714286,6,11,608.3
2024-11-11,3.97,118.42,0,608.3,585.18,613.73,584.5814285714285,100.45285714285714,0,11,618.42
2024-11-12,0.39,121.78,0,618.42,608.3,586.64,589.1214285714285,101.32000000000001,1,11,579.72
2024-11-13,1.71,119.5,0,579.72,618.42,636.65,580.9885714285714,103.88142857142859,2,11,598.46
2024-11-14,3.86,88.1,0,598.46,579.72,571.71,584.8100000000001,102.34857142857142,3,11,565.65
2024-11-15,0.56,85.14,0,565.65,598.46,570.55,584.1099999999999,103.24142857142859,4,11,557.14
2024-11-16,4.56,84.65,1,557.14,565.65,533.04,587.5528571428571,103.46142857142857,5,11,585.83
2024-11-17,2.77,101.34,1,585.83,557.14,585.18,587.6457142857143,102.70428571428572,6,11,613.27
2024-11-18,2.63,123.28,0,613.27,585.83,608.3,588.3557142857143,103.39857142857144,0,11,614.5
2024-11-19,4.94,122.04,0,614.5,613.27,618.42,587.7957142857142,103.43571428571428,1,11,612.79
2024-11-20,4.53,111.37,0,612.79,614.5,579.72,592.5199999999999,102.27428571428571,2,11,594.76
2024-11-21,3.06,96.68,0,594.76,612.79,598.46,591.9914285714285,103.50000000000001,3,11,570.41
2024-11-22,6.23,78.68,0,570.41,594.76,565.65,592.6714285714286,102.57714285714287,4,11,552.06
2024-11-23,1.89,80.17,1,552.06,570.41,557.14,591.9457142857143,101.93714285714285,5,11,571.2
2024-11-24,5.42,94.78,1,571.2,552.06,585.83,589.8557142857143,101.00000000000001,6,11,583.48
2024-11-25,5.52,105.8,0,583.48,571.2,613.27,585.6,98.50285714285714,0,11,630.21
2024-11-26,3.86,129.78,0,630.21,583.48,614.5,587.8442857142857,99.60857142857142,1,11,599.03
2024-11-27,5.27,103.16,0,599.03,630.21,612.79,585.8785714285714,98.4357142857143,2,11,583.97
2024-11-28,2.26,90.22,0,583.97,599.03,594.76,584.3371428571428,97.51285714285713,3,11,594.12
2024-11-29,6.76,79.12,0,594.12,583.97,570.41,587.7242857142857,97.57571428571428,4,11,558.84
2024-11-30,4.69,85.9,1,558.84,594.12,552.06,588.6928571428572,98.39428571428572,5,11,572.2
2024-12-01,4.17,104.08,1,572.2,558.84,571.2,588.8357142857143,99.72285714285714,6,12,602.02
2024-12-02,7.46,119.94,0,602.02,572.2,583.48,591.4842857142858,101.74285714285715,0,12,610.08
2024-12-03,4.11,116.58,0,610.08,602.02,630.21,588.6085714285715,99.85714285714286,1,12,601.96
2024-12-04,2.86,107.84,0,601.96,610.08,599.03,589.027142857143,100.52571428571427,2,12,575.2
2024-12-05,2.71,92.74,0,575.2,601.96,583.97,587.7742857142857,100.88571428571429,3,12,574.0
2024-12-06,7.2,79.26,0,574.0,575.2,594.12,584.9,100.90571428571427,4,12,555.49
2024-12-07,3.58,92.4,1,555.49,574.0,558.84,584.4214285714286,101.8342857142857,5,12,565.98
2024-12-08,9.81,102.45,1,565.98,555.49,572.2,583.5328571428571,101.60142857142857,6,12,580.35
2024-12-09,2.3,119.31,0,580.35,565.98,602.02,580.4371428571428,101.51142857142858,0,12,609.51
2024-12-10,10.02,122.81,0,609.51,580.35,610.08,580.3557142857143,102.40142857142857,1,12,579.43
2024-12-11,7.21,114.55,0,579.43,609.51,601.96,577.1371428571429,103.36,2,12,579.96
2024-12-12,6.76,92.23,0,579.96,579.43,575.2,577.8171428571429,103.28714285714285,3,12,562.79
2024-12-13,6.03,74.02,0,562.79,579.96,574.0,576.2157142857143,102.53857142857143,4,12,578.67
2024-12-14,8.08,86.36,1,578.67,562.79,555.49,579.5271428571428,101.67571428571428,5,12,555.64
2024-12-15,7.37,96.74,1,555.64,578.67,565.98,578.05,100.86,6,12,593.68
2024-12-16,9.82,112.99,0,593.68,555.64,580.35,579.9542857142857,99.95714285714284,0,12,606.03
2024-12-17,8.01,122.43,0,606.03,593.68,609.51,579.4571428571428,99.90285714285714,1,12,597.14
2024-12-18,8.25,114.87,0,597.14,606.03,579.43,581.9871428571429,99.94857142857143,2,12,587.21
2024-12-19,7.39,91.43,1,587.21,597.14,579.96,583.0228571428571,99.83428571428571,3,12,562.49
2024-12-20,8.17,82.05,0,562.49,587.21,562.79,582.9799999999999,100.98142857142855,4,12,563.01
2024-12-21,9.07,92.87,1,563.01,562.49,578.67,580.7428571428571,101.91142857142859,5,12,578.42
2024-12-22,5.21,101.2,1,578.42,563.01,555.64,583.9971428571429,102.54857142857144,6,12,629.07
2024-12-23,6.1,128.65,0,629.07,578.42,593.68,589.0528571428571,104.78571428571429,0,12,607.29
2024-12-24,10.46,122.33,0,607.29,629.07,606.03,589.2328571428571,104.77142857142857,1,12,565.79
2024-12-25,9.48,99.87,0,565.79,607.29,597.14,584.7542857142856,102.62857142857142,2,12,568.22
2024-12-26,8.94,95.09,1,568.22,565.79,587.21,582.0414285714286,103.15142857142858,3,12,600.91
2024-12-27,9.52,82.41,0,600.91,568.22,562.49,587.53,103.20285714285714,4,12,572.02
2024-12-28,10.35,90.81,1,572.02,600.91,563.01,588.8171428571429,102.90857142857143,5,12,580.59
2024-12-29,8.75,103.37,1,580.59,572.02,578.42,589.1271428571428,103.21857142857144,6,12,590.22
2024-12-30,8.44,114.94,0,590.22,580.59,629.07,583.5771428571428,101.26,0,12,588.5
